1763892351325,141,27
1763892351332,138,27
1763892351349,130,27
1763892351366,114,25
1763892351383,98,25
1763892351471,100,25
1763892351481,115,21
1763892351500,131,20
1763892351601,123,14
1763892351615,114,15
1763892351641,109,18
1763892351669,110,20
1763892351682,121,20
1763892351701,134,21
1763892351799,134,17
1763892351815,118,20
1763892351831,106,24
1763892351852,101,27
1763892351869,99,29
1763892351892,107,34
1763892351901,120,35
1763892351916,134,35
1763892351932,140,35
1763892351982,138,29
1763892352000,126,25
1763892352015,115,23
1763892352032,104,23
1763892352055,100,25
1763892352071,100,28
1763892352082,101,29
1763892352101,108,32
1763892352122,130,34
1763892352132,137,34
1763892352199,133,22
1763892352217,122,21
1763892352232,112,21
1763892352251,104,25
1763892352269,102,28
1763892352291,105,32
1763892352299,108,33
1763892352321,122,34
1763892352341,130,33
1763892352347,132,32
1763892352364,134,29
1763892352382,133,26
1763892352401,125,22
1763892352422,115,20
1763892352432,109,21
1763892352452,106,24
1763892352471,103,29
1763892352482,103,29
1763892352499,106,33
1763892352521,122,35
1763892352532,134,35
1763892352621,129,19
1763892352631,123,19
1763892352651,110,21
1763892352672,106,29
1763892352682,106,31
1763892352701,106,37
1763892352721,121,43
1763892352732,126,44
1763892352751,138,45
1763892352771,142,41
1763892352781,142,41
1763892352801,140,37
1763892352821,130,34
1763892352832,126,33
1763892352851,117,36
1763892352871,112,40
1763892352881,111,41
1763892352901,110,49
1763892352921,113,53
1763892352932,115,55
1763892352951,122,57
1763892352971,126,57
1763892352991,128,52
1763892353001,127,49
1763892353014,126,48
1763892353032,121,45
1763892353051,110,42
1763892353071,106,45
1763892353091,104,47
1763892353097,104,49
1763892353121,106,53
1763892353132,108,55
1763892353151,122,57
1763892353171,130,57
1763892353192,135,52
1763892353198,135,50
1763892353214,134,47
1763892353232,130,44
1763892353251,122,42
1763892353271,115,43
1763892353291,110,48
1763892353297,110,49
1763892353321,110,56
1763892353332,113,57
1763892353351,126,61
1763892353371,134,61
1763892353391,136,57
1763892353401,136,56
1763892353421,132,51
1763892353432,128,49
1763892353451,112,46
1763892353471,103,47
1763892353491,98,50
1763892353501,97,53
1763892353521,95,58
1763892353532,97,65
1763892353551,102,68
1763892353571,118,69
1763892353591,126,68
1763892353599,130,66
1763892353615,134,61
1763892353637,137,51
1763892353661,127,40
1763892353668,122,38
1763892353683,109,35
1763892353699,98,36
1763892353716,92,39
1763892353780,97,59
1763892353799,110,57
1763892353818,122,48
1763892353837,122,42
1763892353849,121,41
1763892353866,110,40
1763892353882,103,48
1763892354437,70,284
1763892354447,70,285
1763892354633,54,276
1763892354648,49,264
1763892354671,43,256
1763892354687,42,254
1763892354722,41,257
1763892354731,41,261
1763892354752,42,277
1763892354771,44,287
1763892354782,46,293
1763892354801,47,296
1763892354843,47,293
1763892354851,47,289
1763892354864,47,283
1763892354887,46,268
1763892354901,45,261
1763892354921,45,258
1763892354949,44,258
1763892354967,44,270
1763892354982,47,281
1763892355002,50,293
1763892355021,55,308
1763892355032,57,309
1763892355071,58,309
1763892355082,58,308
1763892355101,56,293
1763892355121,53,284
1763892355132,51,281
1763892355151,50,276
1763892355171,50,275
1763892355201,50,280
1763892355215,51,290
1763892355231,54,301
1763892355337,59,294
1763892355347,55,283
1763892355369,51,274
1763892355387,49,269
1763892355421,48,269
1763892355432,48,273
1763892355450,48,286
1763892355469,48,296
1763892355487,50,304
1763892355501,51,304
1763892355532,51,301
1763892355552,50,281
1763892355565,46,268
1763892355588,45,257
1763892355598,45,253
1763892355619,45,250
1763892355649,45,251
1763892355668,46,266
1763892355682,47,272
1763892355701,52,285
1763892355721,54,289
1763892355731,55,290
1763892355788,52,256
1763892355800,50,234
1763892355822,47,220
1763892355832,47,215
1763892355851,46,212
1763892355871,46,213
1763892355882,45,217
1763892355901,45,229
1763892355921,46,248
1763892355932,46,253
1763892355951,51,261
1763892355971,51,262
1763892355983,52,262
1763892356001,53,251
1763892356021,53,235
1763892356032,53,221
1763892356051,53,210
1763892356069,53,203
1763892356088,53,201
1763892356121,53,206
1763892356132,53,220
1763892356281,57,221
1763892356298,54,213
1763892356319,51,210
1763892356352,50,210
1763892356367,46,221
1763892356382,44,233
1763892356402,41,255
1763892356421,41,267
1763892356431,41,271
1763892356452,41,273
1763892356482,42,267
1763892356501,42,250
1763892356515,42,246
1763892356532,42,243
1763892356551,43,243
1763892357002,182,262
1763892357016,182,269
1763892357032,182,279
1763892357052,179,290
1763892357071,178,301
1763892357181,183,300
1763892357198,183,288
1763892357219,183,278
1763892357241,183,273
1763892357271,182,273
1763892357282,181,280
1763892357301,180,291
1763892357322,180,308
1763892357390,182,306
1763892357397,181,299
1763892357421,179,283
1763892357591,183,289
1763892357598,184,291
1763892357632,185,289
1763892357651,185,277
1763892357665,185,263
1763892357682,185,251
1763892357701,185,244
1763892357721,185,243
1763892357749,184,247
1763892357768,184,258
1763892357782,184,270
1763892357802,191,288
1763892357822,194,297
1763892357832,197,298
1763892357891,193,271
1763892357901,190,262
1763892357914,188,250
1763892357933,186,241
1763892357952,186,238
1763892357987,186,242
1763892358010,185,265
1763892358017,185,272
1763892358032,185,277
1763892358049,186,289
1763892358070,190,303
1763892358091,190,305
1763892358131,190,300
1763892358150,188,289
1763892358161,184,281
1763892358452,116,180
1763892358514,116,181
1763892358537,117,187
1763892358551,119,193
1763892358571,122,197
1763892358591,125,197
1763892358598,126,197
1763892358614,127,194
1763892358632,132,185
1763892358652,132,183
1763892358671,132,181
1763892358705,131,182
1763892358721,130,185
1763892358731,130,186
1763892358750,130,187
1763892358771,133,185
1763892358782,134,181
1763892358801,136,165
1763892358821,133,157
1763892358841,130,155
1763892358853,129,155
1763892358869,128,157
1763892358882,127,160
1763892358898,127,166
1763892358916,130,174
1763892358932,131,176
1763892358951,137,178
1763892358969,139,176
1763892358991,141,162
1763892358997,141,157
1763892359021,136,149
1763892359041,129,148
1763892359047,126,149
1763892359071,114,164
1763892359082,113,169
1763892359101,111,186
1763892359121,114,197
1763892359142,126,204
1763892359150,132,205
1763892359164,138,205
1763892359182,148,193
1763892359198,150,181
1763892359221,144,165
1763892359232,139,161
1763892359251,126,157
1763892359271,116,160
1763892359282,113,161
1763892359301,106,173
1763892359321,105,185
1763892359332,107,189
1763892359351,122,194
1763892359371,138,195
1763892359382,144,191
1763892359399,153,182
1763892359419,156,167
1763892359437,153,159
1763892359451,144,153
1763892359471,121,152
1763892359482,112,153
1763892359499,99,157
1763892359521,92,162
1763892359542,93,169
1763892359548,95,173
1763892359571,113,181
1763892359582,120,183
1763892359601,142,182
1763892359621,151,179
1763892359632,153,176
1763892359651,153,160
1763892359674,139,150
1763892359683,133,149
1763892359706,118,150
1763892359721,112,156
1763892359743,106,170
1763892359754,106,176
1763892359771,107,185
1763892359782,110,189
1763892359800,124,197
1763892359816,136,197
1763892359836,151,185
1763892359856,153,172
1763892359866,151,159
1763892359885,138,150
1763892359899,127,148
1763892359921,113,153
1763892359932,110,157
1763892359950,106,168
1763892359966,104,179
1763892359982,106,190
1763892359999,114,199
1763892360019,127,201
1763892360041,142,199
1763892360047,146,196
1763892360071,147,182
1763892360081,146,177
1763892360099,140,168
1763892360121,130,166
1763892360137,116,167
1763892360161,96,174
1763892360169,94,177
1763892360182,91,182
1763892360199,90,187
1763892360221,97,197
1763892360232,102,200
1763892360251,123,202
1763892360269,138,201
1763892360285,148,196
1763892360301,152,185
1763892360321,149,170
1763892360332,144,168
1763892360351,127,165
1763892360369,118,166
1763892360391,112,174
1763892360399,110,179
1763892360421,111,189
1763892360432,113,191
1763892360451,123,195
1763892360467,135,196
1763892360491,153,181
1763892360498,154,173
1763892360519,153,162
1763892360535,145,153
1763892360551,134,150
1763892360569,116,151
1763892360585,109,154
1763892360601,106,158
1763892360619,105,164
1763892360632,106,173
1763892360652,111,181
1763892360669,132,188
1763892360691,148,188
1763892360698,154,185
1763892360721,163,173
1763892360731,163,168
1763892360751,156,151
1763892360769,143,144
1763892360785,126,142
1763892360800,114,145
1763892360819,106,152
1763892360831,104,156
1763892360851,101,171
1763892360869,105,181
1763892360891,121,190
1763892360898,127,191
1763892360919,150,189
1763892360941,158,177
1763892360948,160,172
1763892360971,159,152
1763892360981,155,145
1763892361000,135,137
1763892361021,120,137
1763892361032,107,141
1763892361051,95,151
1763892361069,90,161
1763892361091,86,173
1763892361098,86,184
1763892361119,92,194
1763892361135,103,201
1763892361151,118,201
1763892361169,132,194
1763892361185,136,185
1763892361200,136,173
1763892361219,132,161
1763892361235,121,153
1763892361251,110,148
1763892361267,99,147
1763892361283,96,149
1763892361300,93,155
1763892361321,89,172
1763892361337,89,183
1763892361353,97,193
1763892361369,110,196
1763892361391,130,190
1763892361397,135,184
1763892361421,141,163
1763892361432,140,157
1763892361451,127,139
1763892361469,112,134
1763892361485,96,133
1763892361500,86,135
1763892361521,78,145
1763892361532,76,151
1763892361551,73,165
1763892361571,73,183
1763892361591,86,193
1763892361621,103,192
1763892361632,112,183
1763892361651,117,163
1763892361671,118,153
1763892361682,117,146
1763892361701,99,134
1763892361721,88,133
1763892361732,79,134
1763892361751,74,142
1763892361799,72,180
1763892361815,87,184
1763892361831,93,184
1763892361852,105,171
1763892361871,107,153
1763892361882,105,148
1763892361899,102,141
1763892361917,100,140
1763892363666,141,367
1763892363673,134,369
1763892363707,91,383
1763892363789,98,397
1763892363806,127,397
1763892363910,138,402
1763892363923,112,410
1763892363938,104,413
1763892363958,97,419
1763892363977,103,422
1763892363988,134,425
1763892364128,109,435
1763892364137,98,441
1763892364153,91,447
1763892364175,102,452
1763892364191,127,455
1763892364309,138,447
1763892364678,131,517
1763892364688,121,517
1763892364708,113,521
1763892364726,114,521
1763892364826,138,513
1763892364837,134,513
1763892364857,131,513
1763892364887,132,513
1763892364907,138,510
1763892364920,139,509
1763892364938,138,507
1763892364957,126,505
1763892364975,102,506
1763892365037,100,512
1763892365052,113,509
1763892365153,98,486
1763892365226,101,503
1763892365237,130,493
1763892365337,86,443
1763892365378,92,441
1763892365387,106,436
1763892365403,148,421
1763892365477,146,396
1763892365487,144,394
1763892365508,148,391
1763892365603,154,341
1763892365620,145,345
1763892365638,148,345
1763892365727,143,313
1763892365737,135,314
1763892365753,130,314
1763892365793,132,314
1763892365806,136,312
1763892365827,139,311
1763892365838,141,311
1763892365858,142,311
1763892365873,145,313
1763892367628,790,292
1763892367636,790,293
1763892367653,787,296
1763892367675,786,300
1763892367691,786,302
1763892367707,786,303
1763892367772,786,302
1763892367788,781,301
1763892367808,770,301
1763892367827,758,301
1763892367838,753,304
1763892367858,751,305
1763892367893,753,307
1763892367907,754,308
1763892367927,756,308
1763892367938,757,308
1763892367957,758,305
1763892367973,761,302
1763892367989,761,301
1763892368008,762,301
1763892368045,762,301
1763892368057,764,299
1763892368075,766,297
1763892368091,768,295
1763892368107,769,294
1763892368138,770,294
1763892368175,770,294
1763892368189,770,295
1763892368207,772,295
1763892368227,774,297
1763892368238,777,299
1763892368258,778,300
1763892368275,779,301
1763892368362,779,301
1763892368373,779,304
1763892368391,780,306
1763892368403,780,307
1763892368457,782,305
-1,-1,-1
-1,-1,-1
-1,-1,-1
