1764032812614,115.5,164
1764032812623,112.5,163
1764032812638,105.5,159
1764032812655,92.5,151
1764032812671,77.5,140
1764032812679,73.5,135
1764032812688,71.5,133
1764032812696,68.5,129
1764032812704,65.5,123
1764032812713,63.5,121
1764032812721,63.5,119
1764032812729,63.5,117
1764032812738,63.5,115
1764032812746,63.5,112
1764032812754,63.5,111
1764032812764,66.5,108
1764032812779,68.5,105
1764032812830,84.5,99
1764032812841,88.5,99
1764032812847,90.5,99
1764032812854,94.5,99
1764032812862,96.5,100
1764032812872,102.5,102
1764032812880,104.5,103
1764032812888,106.5,105
1764032812897,109.5,107
1764032812904,110.5,109
1764032812913,111.5,110
1764032812922,113.5,112
1764032812931,115.5,114
1764032812937,117.5,116
1764032812947,118.5,119
1764032812955,119.5,120
1764032812963,120.5,123
1764032812971,120.5,125
1764032812980,121.5,130
1764032812987,121.5,132
1764032812997,121.5,134
1764032813006,121.5,136
1764032813015,121.5,138
1764032813022,119.5,143
1764032813034,118.5,144
1764032813045,118.5,146
1764032813056,114.5,149
1764032813068,113.5,149
1764032813076,110.5,152
1764032813085,105.5,153
1764032813092,104.5,152
1764032813101,101.5,150
1764032813111,99.5,149
1764032813120,95.5,144
1764032813130,93.5,142
1764032813137,91.5,137
1764032813147,89.5,132
1764032813154,88.5,128
1764032813163,88.5,125
1764032813171,88.5,122
1764032813180,89.5,119
1764032813189,90.5,117
1764032813196,91.5,114
1764032813206,96.5,111
1764032813212,98.5,109
1764032813221,101.5,109
1764032813230,104.5,109
1764032813237,106.5,109
1764032813246,114.5,111
1764032813255,118.5,113
1764032813263,120.5,114
1764032813274,123.5,116
1764032813281,129.5,122
1764032813288,130.5,125
1764032813296,133.5,129
1764032813305,134.5,131
1764032813314,135.5,135
1764032813321,136.5,139
1764032813329,137.5,144
1764032813338,137.5,147
1764032813347,137.5,154
1764032813354,137.5,156
1764032813362,136.5,158
1764032813371,134.5,163
1764032813379,133.5,164
1764032813387,131.5,168
1764032813396,130.5,168
1764032813405,129.5,170
1764032813412,127.5,172
1764032813420,125.5,172
1764032813429,121.5,172
1764032813437,119.5,172
1764032813445,116.5,172
1764032813454,112.5,171
1764032813463,111.5,168
1764032813471,108.5,167
1764032813479,103.5,161
1764032813492,101.5,157
1764032813502,98.5,154
1764032813505,96.5,150
1764032813514,94.5,145
1764032813522,93.5,140
1764032813530,92.5,135
1764032813539,92.5,127
1764032813547,93.5,123
1764032813554,95.5,119
1764032813564,101.5,113
1764032813573,103.5,113
1764032813580,107.5,111
1764032813594,113.5,109
1764032813614,126.5,109
1764032813624,133.5,109
1764032813634,137.5,110
1764032813647,145.5,113
1764032813658,148.5,113
1764032813669,154.5,117
1764032813687,158.5,120
1764032813697,162.5,127
1764032813706,164.5,129
1764032813712,164.5,132
1764032813722,165.5,133
1764032813729,165.5,137
1764032813739,164.5,140
1764032813747,163.5,143
1764032813756,162.5,144
1764032813763,161.5,147
1764032813771,157.5,149
1764032813779,154.5,151
1764032813788,153.5,151
1764032813796,150.5,151
1764032813805,148.5,151
1764032813813,144.5,151
1764032813822,138.5,151
1764032813847,134.5,151
1764032813855,121.5,146
1764032813862,117.5,143
1764032813872,112.5,139
1764032813880,108.5,137
1764032813889,103.5,133
1764032813898,102.5,131
1764032813905,99.5,128
1764032813915,98.5,127
1764032813925,96.5,121
1764032813939,97.5,117
1764032813948,97.5,116
1764032813955,100.5,113
1764032813964,102.5,113
1764032813973,104.5,113
1764032813983,109.5,114
1764032813991,112.5,114
1764032813999,113.5,115
1764032814006,116.5,117
1764032814012,118.5,118
1764032814021,120.5,120
1764032814030,122.5,122
1764032814039,125.5,125
1764032814046,128.5,129
1764032814054,129.5,131
1764032814063,130.5,135
1764032814072,131.5,136
1764032814079,131.5,139
1764032814089,131.5,142
1764032814097,130.5,144
1764032814105,130.5,147
1764032814113,128.5,149
1764032814121,126.5,150
1764032814130,125.5,151
1764032814138,121.5,153
1764032814149,120.5,154
1764032814159,117.5,154
1764032814168,113.5,154
1764032814188,109.5,150
1764032814197,104.5,147
1764032814209,102.5,142
1764032814230,99.5,133
1764032814241,99.5,131
1764032814250,99.5,130
1764032814259,102.5,126
1764032814269,103.5,125
1764032814281,108.5,124
1764032814289,110.5,123
1764032814297,112.5,123
1764032814306,116.5,123
1764032814318,118.5,124
1764032814329,124.5,127
1764032814340,129.5,131
1764032814349,133.5,135
1764032814359,135.5,137
1764032814366,137.5,138
1764032814372,138.5,141
1764032814380,139.5,143
1764032814387,139.5,145
1764032814396,139.5,147
1764032814405,140.5,149
1764032814413,140.5,150
1764032814421,140.5,152
1764032814430,140.5,153
1764032814438,139.5,155
1764032814447,138.5,156
1764032814455,137.5,157
1764032814463,135.5,158
1764032814471,133.5,158
1764032814480,131.5,156
1764032814488,129.5,155
1764032814497,127.5,153
1764032814505,124.5,150
1764032814513,123.5,149
1764032814521,122.5,147
1764032814529,120.5,145
1764032814537,118.5,141
1764032814546,118.5,139
1764032814555,118.5,137
1764032814563,119.5,136
1764032814572,119.5,134
1764032814580,120.5,134
1764032814587,123.5,133
1764032814596,126.5,133
1764032814605,127.5,133
1764032814613,130.5,134
1764032814622,134.5,137
1764032814630,137.5,137
1764032814638,139.5,138
1764032814647,141.5,142
1764032814654,143.5,144
1764032814663,145.5,146
1764032814672,145.5,148
1764032814679,146.5,150
1764032814687,147.5,153
1764032814699,147.5,155
1764032814705,148.5,155
1764032814712,148.5,157
1764032814720,148.5,158
1764032814729,148.5,159
1764032814738,147.5,160
1764032814746,146.5,161
1764032814755,146.5,161
1764032814763,144.5,161
1764032814771,143.5,161
1764032814780,143.5,160
1764032814789,142.5,159
1764032814797,141.5,159
1764032814805,141.5,156
1764032814814,139.5,153
1764032814839,137.5,148
1764032814847,136.5,144
1764032814864,136.5,137
1764032814872,136.5,137
1764032814880,137.5,133
1764032814887,138.5,132
1764032814897,138.5,130
1764032814906,139.5,130
1764032814916,142.5,129
1764032814922,143.5,128
1764032814931,144.5,129
1764032814939,146.5,129
1764032814947,147.5,130
1764032814955,149.5,132
1764032814963,149.5,132
1764032814972,151.5,134
1764032814979,151.5,136
1764032814988,153.5,138
1764032814996,153.5,140
1764032815005,154.5,145
1764032815014,154.5,146
1764032815024,154.5,151
1764032815033,154.5,154
1764032815038,154.5,155
1764032815052,153.5,157
1764032815060,152.5,158
1764032815080,150.5,158
1764032815088,148.5,158
1764032815096,146.5,156
1764032815104,143.5,153
1764032815113,140.5,147
1764032815121,138.5,145
1764032815129,138.5,141
1764032815138,136.5,137
1764032815145,134.5,134
1764032815155,132.5,124
1764032816842,713.5,283
1764032816847,713.5,282
1764032816855,714.5,281
1764032816864,715.5,281
1764032816871,716.5,281
1764032816881,717.5,281
1764032816889,719.5,282
1764032816898,719.5,283
1764032816904,720.5,284
1764032816912,722.5,285
1764032816920,723.5,288
1764032817121,717.5,307
1764032817130,716.5,304
1764032817139,715.5,302
1764032817146,714.5,299
1764032817155,713.5,298
1764032817165,713.5,295
1764032817177,713.5,292
1764032817187,713.5,290
1764032817196,713.5,289
1764032817205,713.5,285
1764032817214,713.5,284
1764032817224,713.5,284
1764032817233,713.5,282
1764032817243,713.5,281
1764032817266,713.5,281
1764032817274,714.5,282
1764032817281,715.5,282
1764032817290,716.5,284
1764032817297,716.5,285
1764032817305,717.5,287
1764032817313,718.5,288
1764032817322,719.5,290
1764032817333,719.5,292
1764032817338,720.5,292
1764032817349,720.5,294
1764032817361,720.5,296
1764032817367,720.5,297
1764032817374,720.5,297
1764032817380,719.5,298
1764032817389,719.5,298
1764032817397,718.5,298
1764032817404,717.5,298
1764032817413,715.5,297
1764032817421,714.5,296
1764032817429,713.5,294
1764032817438,710.5,291
1764032817447,708.5,290
1764032817455,707.5,288
1764032817463,707.5,287
1764032817471,705.5,286
1764032817479,704.5,284
1764032817525,704.5,283
1764032817563,704.5,284
1764032818862,843.5,292
1764032818871,843.5,290
1764032818880,844.5,288
1764032818888,845.5,285
1764032818897,846.5,284
1764032818905,846.5,284
1764032818914,846.5,284
1764032818921,847.5,283
1764032818930,848.5,283
1764032818938,849.5,285
1764032818950,849.5,285
1764032818955,849.5,286
1764032818965,850.5,288
1764032818972,850.5,290
1764032818980,850.5,293
1764032818988,850.5,294
1764032818997,850.5,297
1764032819005,850.5,300
1764032819013,850.5,302
1764032819021,849.5,304
1764032819030,849.5,306
1764032819038,848.5,309
1764032819121,842.5,308
1764032819129,842.5,306
1764032819138,842.5,304
1764032819146,842.5,302
1764032819155,842.5,300
1764032819163,842.5,297
1764032819172,842.5,294
1764032819179,842.5,294
1764032819188,843.5,293
1764032819196,843.5,291
1764032819205,844.5,290
1764032819213,845.5,289
1764032819222,846.5,288
1764032819230,846.5,288
1764032819239,847.5,289
1764032819246,848.5,289
1764032819254,848.5,290
1764032819263,848.5,291
1764032819271,849.5,291
1764032819280,850.5,293
1764032819288,850.5,293
1764032819296,850.5,294
1764032819306,850.5,295
1764032819312,851.5,295
1764032819320,852.5,296
1764032819333,852.5,296
1764032819354,853.5,295
1764032819363,853.5,295
1764032819371,854.5,293
1764032819384,854.5,293
1764032819392,855.5,293
1764032819402,856.5,293
1764032819407,857.5,293
1764032819412,857.5,293
1764032819421,858.5,293
1764032819430,859.5,293
1764032819438,860.5,293
1764032819446,861.5,293
1764032819455,861.5,293
1764032819464,862.5,294
1764032819488,861.5,297
-1,-1,-1
-1,-1,-1
-1,-1,-1
