StartDate,EndDate,Status,Progress,Duration (in seconds),Finished,RecordedDate,ResponseId,RecipientLastName,RecipientFirstName,RecipientEmail,ExternalReference,LocationLatitude,LocationLongitude,DistributionChannel,UserLanguage,E_consent_yes,device_eligibility,age,gender,gender_3_TEXT,LEAPQ_edu_level,LEAPQ_edu_level_9_TEXT,language_Kor,Korean_heritage,LEAPQ_other_immigr,LEAPQ_dominance_1,LEAPQ_dominance_2,LEAPQ_dominance_3,LEAPQ_dominance_4,LEAPQ_dominance_5,LEAPQ_acquisition_1,LEAPQ_acquisition_2,LEAPQ_acquisition_3,LEAPQ_acquisition_4,LEAPQ_acquisition_5,Kor_AoA_1,Kor_AoA_2,Kor_AoA_3,Kor_AoA_4,Kor_langenv_1,Kor_langenv_2,Kor_langenv_3,Kor_profspk,Kor_profcomp,Kor_profrd,Kor_learnenv_1,Kor_learnenv_2,Kor_learnenv_3,Kor_learnenv_4,Kor_learnenv_5,Kor_learnenv_6,Kor_expenv_1,Kor_expenv_2,Kor_expenv_3,Kor_expenv_4,Kor_expenv_5,Kor_expenv_6,KorEng_dominance_1,KorEng_dominance_4,KorEng_dominance_5,Eng_AoA_1,Eng_AoA_2,Eng_AoA_3,Eng_AoA_4,Eng_langenv_1,Eng_langenv_2,Eng_langenv_3,Eng_langenv_4,Eng_profspk,Eng_profcomp,Eng_profrd,Eng_learnev_1,Eng_learnev_2,Eng_learnev_3,Eng_learnev_4,Eng_learnev_5,Eng_learnev_6,Eng_learnev_7,Eng_expenv_1,Eng_expenv_2,Eng_expenv_3,Eng_expenv_4,Eng_expenv_5,Eng_expenv_6,userID,DeviceIdentifier,AoA_lang1,AoA_lang2,AoA_lang3,AoA_lang4,AoA_lang5
11/17/2025 17:17,11/17/2025 17:21,0,100,251,1,11/17/2025 17:21,R_6pbVbwDOHLN1UxQ,,,,,40.6955,-73.9667,anonymous,EN,1,,65,2,,5,,2,2,no,English,,,,,English,,,,,,,,,,,,,,,,,,,,,,,,,,,,,,1,2,5,6,1,1,1,7 years,10,10,10,0,9,10,0,7,0,0,10,10,10,0,0,0,,,English,,,,
11/17/2025 18:34,11/17/2025 18:46,0,100,754,1,11/17/2025 18:46,R_3fBEh6aKOhR8jlf,,,,,34.3337,-83.499,anonymous,EN,1,,52,2,,1,,2,2,,English,,,,,English,,,,,,,,,,,,,,,,,,,,,,,,,,,,,,1,2,5,6,52 years,52 years,48 years,7 years,11,11,11,2,6,8,0,7,0,0,10,10,10,10,10,10,,,English,,,,
11/13/2025 16:14,11/13/2025 21:20,0,14,18325,0,11/20/2025 21:20,R_5JVZwIBJJb5jkrV,,,,,32.8595,-117.2124,anonymous,EN,1,,,,,,,,,,,,,,,,,,,,,,,,,,,,,,,,,,,,,,,,,,,,,,,,,,,,,,,,,,,,,,,,,,,,,,,,,,,
11/23/2025 0:02,11/23/2025 0:03,0,100,77,1,11/23/2025 0:03,R_7o0TATUot779iuv,,,,,32.9164,-117.1393,anonymous,EN,1,1,test,3,test,"1,9",t,2,2,,t,,,,,t,,,,,,,,,,,,,,,,,,,,,,,,,,,,,,t,5,t,t,t,t,t,t,1,1,1,1,2,1,2,7,4,3,5,3,5,4,0,0,,,t,,,,
11/23/2025 0:09,11/23/2025 0:16,0,100,379,1,11/23/2025 0:16,R_1IvVTmN3NkA2h7H,,,,,41.921,-87.6454,anonymous,EN,1,1,44,1,,8,,2,2,,English,,,,,English,,,,,,,,,,,,,,,,,,,,,,,,,,,,,,Birth,2-5 years of age,8 (estimate),10 (estimate),44,44,44,7 years,11,11,11,10,10,10,0,7,10,10,10,10,10,0,10,10,P2,,English,,,,
11/23/2025 0:13,11/23/2025 0:17,0,100,216,1,11/23/2025 0:17,R_4ohRWWo4HqfRauw,,,,,43.0647,141.3489,anonymous,EN,1,1,56,1,,5,,2,2,Japan 7/5/2007,Englsih,Japanese,,,,English ,Japanese,,,,,,,,,,,,,,,,,,,,,,,,,,,,,0,5,6,10,30 years ,30 years,20 years,7 years,11,11,11,10,10,10,1,7,8,8,2,6,10,1,10,10,P18,,English ,Japanese,,,
11/23/2025 0:14,11/23/2025 0:18,0,100,223,1,11/23/2025 0:18,R_5OOXBAVatJPrkVK,,,,,36.7986,-119.8107,anonymous,EN,1,1,37,2,,5,,2,2,,English,,,,,English,,,,,,,,,,,,,,,,,,,,,,,,,,,,,,1,5,4,10,37 years,37 years,37 years,7 years,10,10,10,6,7,8,2,7,5,5,10,10,10,4,7,8,P1,,English,,,,
11/23/2025 0:21,11/23/2025 0:27,0,100,314,1,11/23/2025 0:27,R_1IQxaDfeTNmW9jR,,,,,35.2296,-80.843,anonymous,EN,1,1,27,1,,7,,2,2,I have never immigrated to another country.,English,Spanish,French,,,English,Spanish,French,,,,,,,,,,,,,,,,,,,,,,,,,,,,0,4,5,7,27,27,22,7,11,11,11,8,9,9,1,7,6,8,9,9,10,2,8,7,P20,,English,Spanish,French,,
11/23/2025 0:23,11/23/2025 0:29,0,100,352,1,11/23/2025 0:29,R_3rS9ycshABg3OEt,,,,,45.4383,-122.6147,anonymous,EN,1,1,43,2,,4,,2,2,,English,,,,,English,,,,,,,,,,,,,,,,,,,,,,,,,,,,,,2,2,2,2,25 years,25 years,25 years,7 years,11,11,11,6,9,10,0,7,5,5,10,10,10,10,10,10,P17,,English,,,,
11/23/2025 0:23,11/23/2025 0:30,0,100,401,1,11/23/2025 0:30,R_3j6TrOlxis7tMTy,,,,,37.0453,-76.3404,anonymous,EN,1,1,26,2,,5,,2,2,,English,,,,,English,,,,,,,,,,,,,,,,,,,,,,,,,,,,,,1,5,3,8,26 years,26 years,14 years,7 years,11,11,11,10,10,10,7,7,10,10,10,10,10,10,10,10,P16,,English,,,,
11/23/2025 0:37,11/23/2025 0:44,0,100,369,1,11/23/2025 0:44,R_769E3hfXk28jiFn,,,,,39.4057,-87.4026,anonymous,EN,1,1,34,1,,4,,2,2,,English,,,,,English,,,,,,,,,,,,,,,,,,,,,,,,,,,,,,3,13,6,10,34 years,34 years,34 years,7 years,11,11,11,5,7,8,2,7,1,5,2,10,10,0,10,10,P14,,English,,,,
11/23/2025 0:34,11/23/2025 0:47,0,100,763,1,11/23/2025 0:47,R_3VK4mIHHpkkScJk,,,,,25.6062,-80.3452,anonymous,EN,1,1,29,1,,5,,2,2,,English,Spanish,,,,English,Spanish,,,,,,,,,,,,,,,,,,,,,,,,,,,,,0,6,5,6,29 years,29 years,25 years,7 years,11,11,11,4,5,10,2,7,3,8,9,6,10,1,9,9,P12,,English,Spanish,,,
11/23/2025 0:38,11/23/2025 0:50,0,100,706,1,11/23/2025 0:50,R_71poWbcgmfk1mNt,,,,,29.8737,-97.9361,anonymous,EN,1,1,27,1,,2,,2,2,No I was born in the usa,English,Spanish,French,Taiwanese Mandarin ,,Taiwanese Mandarin,English,French,Spanish,,,,,,,,,,,,,,,,,,,,,,,,,,,4,4,4,4,23,23,23,7,11,11,11,10,10,10,10,7,9,9,10,10,10,10,10,10,P13,,Taiwanese Mandarin,English,French,Spanish,
11/23/2025 0:46,11/23/2025 0:54,0,100,471,1,11/23/2025 0:54,R_3IEobWCoXOeWrgl,,,,,32.0176,-80.9925,anonymous,EN,1,1,59,1,,"3,4",,2,2,,English,,,,,English,,,,,,,,,,,,,,,,,,,,,,,,,,,,,,1,5,4,55,57 years 6 months,59,59,7Years,10,10,10,10,10,10,1,7,8,10,10,10,10,1,10,8,P0,,English,,,,
11/23/2025 0:50,11/23/2025 0:54,0,100,226,1,11/23/2025 0:54,R_5QDtdH28MbOZ9np,,,,,32.6387,-117.0801,anonymous,EN,1,1,39,1,,4,,2,2,,English,German,,,,English,"Germ,an",,,,,,,,,,,,,,,,,,,,,,,,,,,,,2,4,5,6,39 years,39 years,17 years,7 years,11,11,11,5,9,10,1,7,8,9,9,10,9,5,6,7,P9,,English,"Germ,an",,,
11/23/2025 0:27,11/23/2025 0:54,0,100,1643,1,11/23/2025 0:54,R_3QFOYlYOP17kmyD,,,,,37.8117,-80.4434,anonymous,EN,1,1,37,1,,5,,2,2,,English,,,,,English,,,,,,,,,,,,,,,,,,,,,,,,,,,,,,1,5,4,6,37,18,16,7,11,11,11,6,8,9,4,7,3,6,10,10,10,0,8,6,P15,,English,,,,
11/23/2025 0:50,11/23/2025 0:56,0,100,365,1,11/23/2025 0:56,R_5KmaSgti0us7zP1,,,,,33.7215,-118.0509,anonymous,EN,1,1,38,1,,2,,2,2,,English,,,,,English,,,,,,,,,,,,,,,,,,,,,,,,,,,,,,1,5,5,5,38 years,38 years,22 years,7 years,10,10,10,1,3,5,0,7,1,2,10,10,10,0,8,9,P11,,English,,,,
11/23/2025 1:36,11/23/2025 1:39,0,100,131,1,11/23/2025 1:39,R_6DpyNsWh48gXQ3i,,,,,33.9626,-78.4101,anonymous,EN,1,1,34,1,,2,,2,2,,English,Japanese,,,,English,Japanese,,,,,,,,,,,,,,,,,,,,,,,,,,,,,0,10,6,10,34,34,17,7,11,11,11,5,10,10,0,7,8,10,10,10,10,0,10,10,P3,,English,Japanese,,,
11/23/2025 1:51,11/23/2025 2:03,0,100,674,1,11/23/2025 2:03,R_5oyZrcswbJjytAq,,,,,39.112,-94.5214,anonymous,EN,1,1,46,1,,7,,2,2,NO,English,French,,,,English,French,,,,,,,,,,,,,,,,,,,,,,,,,,,,,1,3,3,4,46 years,46 years,25 years,7 years,11,11,11,10,10,10,1,7,4,10,10,10,10,0,7,3,P19,,English,French,,,
11/23/2025 2:01,11/23/2025 2:04,0,100,167,1,11/23/2025 2:04,R_7R8zfSbHPIWBc0F,,,,,34.011,-118.1145,anonymous,EN,1,1,22,1,,4,,2,2,na,english,,,,,english,,,,,,,,,,,,,,,,,,,,,,,,,,,,,,1,5,4,6,22y 8m ,22y 8m,18y 8m ,7 years,10,10,11,7,8,9,0,7,5,8,4,8,9,0,7,4,P6,,english,,,,
11/23/2025 3:18,11/23/2025 3:23,0,100,301,1,11/23/2025 3:23,R_7ntkUnVGCsdFB1T,,,,,34.224,-82.1625,anonymous,EN,1,1,73,2,,7,,2,2,,English,,,,,English,,,,,,,,,,,,,,,,,,,,,,,,,,,,,,2,4,6,8,73,73,19,7,11,11,11,9,10,9,0,7,3,6,9,9,4,0,9,1,P7,,English,,,,
11/23/2025 4:04,11/23/2025 4:07,0,100,188,1,11/23/2025 4:07,R_7wKnLpTWHYOIQ74,,,,,38.6159,-122.8616,anonymous,EN,1,1,62,1,,5,,2,2,,English,,,,,English,,,,,,,,,,,,,,,,,,,,,,,,,,,,,,0,0,5,2,62 years,62 years,44 years,7 years,11,11,11,9,10,9,7,7,3,4,10,10,10,2,10,1,P8,,English,,,,
11/17/2025 15:23,11/17/2025 15:26,0,72,138,0,11/24/2025 15:26,R_7t9Lb5J6Y0VchBD,,,,,41.0484,-74.0393,anonymous,EN,1,,57,2,,8,,2,2,No,English,,,,,English,,,,,,,,,,,,,,,,,,,,,,,,,,,,,,,,,,,,,,,,,,,,,,,,,,,,,,,,English,,,,
11/24/2025 15:22,11/24/2025 15:26,0,100,270,1,11/24/2025 15:26,R_1fXwT34tRpSFgeR,,,,,43.0461,-81.2436,anonymous,EN,1,1,33,2,,5,,1,1,"Canada, 2003",Korean ,English ,,,,Korean ,English ,,,,0,5,6,7,9,9,9,11,11,11,4,9,4,0,0,0,4,9,5,2,7,8,48,50,51,10,12,10,12,20,20,20,7,11,11,11,8,0,7,0,7,7,8,8,0,7,1,7,8,P10,,Korean ,English ,,,
11/24/2025 15:38,11/24/2025 15:51,0,100,750,1,11/24/2025 15:51,R_4FgivjPYVkfVmO9,,,,,37.3347,127.0717,anonymous,EN,1,1,56,1,,7,,1,1,,KOREAN,ENGLISH,,,,KOREAN,ENGLISH,,,,2,5,8,10,55YEARS,55YEARS,18YEARS,11,11,11,8,8,7,2,5,4,9,10,5,0,8,5,80,90,70,14,18,14,20,1 YEAR,1 YEAR,1 YEAR,7 years,9,9,9,7,1,7,9,7,6,9,2,1,7,8,9,5,P22,,KOREAN,ENGLISH,,,
11/24/2025 16:01,11/24/2025 16:10,0,100,489,1,11/24/2025 16:10,R_9McRrgESW8VB9Lz,,,,,36.6378,127.4838,anonymous,EN,1,1,44,2,,6,,1,1,,Korean,English,French,Japanese,Chinese,Korean,English,Japanese,Chinese ,French,3,10,8,10,44,44,38,11,11,11,7,7,9,2,4,4,10,10,10,2,7,6,70,70,65,10,25,17,25,0,15 years,0,7 years,9,9,10,7,7,9,7,7,6,7,1,10,7,3,5,3,P30,,Korean,English,Japanese,Chinese ,French
11/24/2025 16:25,11/24/2025 16:29,0,100,248,1,11/24/2025 16:29,R_9ARTOG4tHTOKFKh,,,,,37.5699,126.853,anonymous,EN,1,1,33,1,,5,,1,2,,Korean,English,,,,Korean,English,,,,0,2,3,18,27,27,27,11,11,11,9,10,8,4,8,5,10,10,8,0,7,6,70,60,80,10,15,16,16,6,6,6,7,9,9,9,10,1,8,4,7,6,8,4,0,7,0,4,3,P21,,Korean,English,,,
11/17/2025 16:46,11/17/2025 16:49,0,72,164,0,11/24/2025 16:49,R_6mcl6rZtL4hItvH,,,,,41.5852,-87.8059,anonymous,EN,1,,43,1,,2,,2,2,,English,Spanish,,,,English,Spanish,,,,,,,,,,,,,,,,,,,,,,,,,,,,,,,,,,,,,,,,,,,,,,,,,,,,,,,English,Spanish,,,
11/24/2025 16:57,11/24/2025 17:04,0,100,450,1,11/24/2025 17:04,R_4bAN1XcgHdHrKoh,,,,,37.377,127.1091,anonymous,EN,1,1,30,2,,9,Bachelor's degree,1,1,,Korean,English,Japanese,Spanish,French,Korean,English,Japanese,Spanish,French,0,5,3,10,28,30,20,11,11,11,10,10,10,1,8,6,10,10,10,10,10,10,100,89,60,3,15,5,15,2 years,2 years,15 years,7 years,9,9,10,4,1,10,1,7,6,4,1,1,10,1,8,7,P34,,Korean,English,Japanese,Spanish,French
11/17/2025 16:59,11/17/2025 17:10,0,72,637,0,11/24/2025 17:10,R_52RMpc6OqHYLuQm,,,,,25.9843,-80.2149,anonymous,EN,1,,48,2,,5,,2,2,,english,,,,,english,,,,english,,,,,,,,,,,,,,,,,,,,,,,,,,,,,,,,,,,,,,,,,,,,,,,,,,,,english,,,,english
11/24/2025 17:06,11/24/2025 17:12,0,100,383,1,11/24/2025 17:12,R_4UzwOaszDiaadJD,,,,,37.5521,126.9505,anonymous,EN,1,1,33,2,,5,,1,1,"Japan(1992~1994), China(1996~2000), rest in South Korea",Korean,English,Chinese,French,Japanese,Korean,Engllish,Chinese,French,Japanese,1,5,7,9,27 years,33 years,27 years,11,11,11,9,10,9,1,8,8,9,10,10,0,8,8,97,90,61,4,19,6,19,2 months,0,4 years,7 years,8,10,10,2,0,9,8,7,9,9,0,0,10,1,9,9,P4,,Korean,Engllish,Chinese,French,Japanese
11/17/2025 17:12,11/17/2025 17:13,0,34,60,0,11/24/2025 17:13,R_1DqF3AytddwpWvD,,,,,40.726,-73.848,anonymous,EN,1,,60,2,,2,,2,2,,,,,,,,,,,,,,,,,,,,,,,,,,,,,,,,,,,,,,,,,,,,,,,,,,,,,,,,,,,,,,,,,,,
11/17/2025 17:30,11/17/2025 17:34,0,34,245,0,11/24/2025 17:34,R_3QRlbCxWqSbdr9u,,,,,37.8117,-80.4434,anonymous,EN,1,,29,2,,6,,2,2,none,,,,,,,,,,,,,,,,,,,,,,,,,,,,,,,,,,,,,,,,,,,,,,,,,,,,,,,,,,,,,,,,,,
11/17/2025 17:50,11/17/2025 17:56,0,41,397,0,11/24/2025 17:56,R_5pe3VHwbbvR4X8B,,,,,34.1394,-118.266,anonymous,EN,1,,40,2,,5,,1,1,,English,Korean,Spanish,,,English,Korean,Spanish,,,,,,,,,,,,,,,,,,,,,,,,,,,,,,,,,,,,,,,,,,,,,,,,,,,,,,English,Korean,Spanish,,
11/24/2025 18:19,11/24/2025 18:26,0,100,427,1,11/24/2025 18:26,R_4pToPV8AjPhurzH,,,,,37.5415,127.0252,anonymous,EN,1,1,29,1,,5,,1,1,U.S.A / May 2006,Korean,English,Spanish,,,Korean,English,Spanish,,,1,5,4,6,23,29,23,11,11,11,10,10,10,2,3,1,10,5,1,0,4,1,60,60,75,11,12,11,12,6,0,6,7 years,10,11,10,10,0,7,1,7,3,4,1,0,2,0,2,5,P5,,Korean,English,Spanish,,
11/24/2025 20:15,11/24/2025 20:24,0,100,572,1,11/24/2025 20:24,R_4IGKmV0CQG9yBl7,,,,,37.5658,126.978,anonymous,EN,1,1,44,2,,7,,1,1,,Korean,,,,,English,,,,,0,9,7,8,44,44,44,10,10,11,8,6,9,6,7,7,8,6,9,6,8,8,90,70,70,12,33,14,19,10 years,0,25 years,7 years,8,9,9,7,0,8,8,7,7,8,8,0,8,8,8,8,P26,,English,,,,
11/24/2025 20:19,11/24/2025 20:27,0,100,451,1,11/24/2025 20:27,R_9Y9XBhR7obKnV2w,,,,,37.5656,126.978,anonymous,EN,1,1,49,2,,5,,1,1,,Korean,English,Japanese,Chinese,French,Korean ,English,French,Japnese,Chinese,0,2,3,5,37 years,49 years,10,11,11,11,9,10,9,0,9,9,8,9,8,0,7,7,91,91,82,12,16,13,15,8,0,8,7 years,10,11,11,9,0,9,0,7,7,8,4,3,8,0,9,7,P23,,Korean ,English,French,Japnese,Chinese
11/24/2025 20:29,11/24/2025 20:40,0,100,681,1,11/24/2025 20:40,R_1bjUT8evIJXebOF,,,,,49.324,-123.0827,anonymous,EN,1,1,48,1,,5,,1,1,"Canada and Feb 1, 2023",Korean,English,Japanese,,,Korean,Japanese,English,,,1,5,5,5,45,48,39,11,11,11,10,10,10,0,8,5,10,10,10,0,8,5,95,80,70,10,45,10,22,4 years,1 years,1 year,7 years,5,10,10,5,0,10,10,7,8,8,5,0,10,8,8,8,P35,,Korean,Japanese,English,,
11/24/2025 20:51,11/24/2025 21:02,0,100,649,1,11/24/2025 21:02,R_94AblOrW99kEHtn,,,,,37.5656,126.978,anonymous,EN,1,1,30,2,,5,,1,1,I have always lived in Korea.,Korean,English,French,Japanese,Bulgarian,Korean,English,Japanese,Chinese,German,0,5,3,5,30,30,18,11,11,11,8,7,10,1,10,10,10,10,9,1,10,10,65,78,65,5,14,8,24,2 months,0,6 months,7 years,9,10,10,6,0,9,4,7,9,10,5,0,8,5,9,9,P31,,Korean,English,Japanese,Chinese,German
11/24/2025 21:22,11/24/2025 21:29,0,100,459,1,11/24/2025 21:29,R_9lpMQoVuvt7IatP,,,,,37.508,127.1177,anonymous,EN,1,1,29,2,,5,,1,1,,Korean,English,French,,,Korean,English,French,,,0,2,5,7,20,29,20,11,11,11,10,10,10,0,7,2,8,8,6,1,3,4,57,56,40,3,7,6,8,9 years,9 years,9 years,7 years,9,10,8,10,10,7,4,7,4,8,10,1,6,1,8,3,P32,,Korean,English,French,,
11/24/2025 22:32,11/24/2025 22:39,0,100,413,1,11/24/2025 22:39,R_4ypUzfxhyyPLmSd,,,,,35.8699,128.6314,anonymous,EN,1,1,27,2,,5,,1,1,,Korean,English,,,,Korean,English,,,,3,5,5,10,21,27,11,10,10,10,7,9,9,1,7,4,9,6,9,1,7,6,60,80,90,8,12,10,12,6,27,6,7 years,8,8,7,0,6,3,0,7,8,9,0,5,7,0,9,8,P28,,Korean,English,,,
11/24/2025 22:39,11/24/2025 22:45,0,100,366,1,11/24/2025 22:45,R_9YMWp78Xovvge1b,,,,,37.3907,126.9167,anonymous,EN,1,1,28,2,,5,,1,1,,Korean,English,,,,Korean,English,,,,2,5,2,7,25 yrs,28 yrs,22 yrs,11,11,11,9,10,10,0,10,0,10,10,9,0,10,9,90,50,85,7,17,7,17,3 yrs,0 yrs,5 yrs,7 years,10,9,9,10,0,10,1,7,1,10,1,0,3,3,5,5,P33,,Korean,English,,,
11/24/2025 22:50,11/24/2025 22:57,0,100,414,1,11/24/2025 22:57,R_4NNEZlewvEDrc4h,,,,,37.5247,126.9133,anonymous,EN,1,1,36,2,,6,,1,1,,English,Chinese,Spanish,French,Korean,Korean,English,Japanese,French,Spanish,1,4,4,6,35y,35y,35y,10,11,10,7,9,10,9,8,8,10,10,10,6,8,4,100,100,16,8,22,8,14,1 year,0,12 years,7 years,9,9,9,2,0,3,8,7,8,8,0,0,3,6,3,6,P24,,Korean,English,Japanese,French,Spanish
11/24/2025 23:30,11/24/2025 23:35,0,100,350,1,11/24/2025 23:35,R_9KvtPJsfM1wFgkR,,,,,37.508,127.1177,anonymous,EN,1,1,43,2,,7,,1,1,,Korean,Japanese,English,,,Korean,English,Japanese,,,0,2,4,4,39,39,39,11,11,11,3,9,7,0,1,2,1,10,5,0,3,1,72,68,82,8,12,9,15,0,0,0,7 years,9,9,9,7,0,3,3,7,3,3,7,0,3,1,3,3,P25,,Korean,English,Japanese,,
11/24/2025 23:42,11/24/2025 23:52,0,100,614,1,11/24/2025 23:52,R_4dNfkz1PLBccxJs,,,,,37.3463,126.9711,anonymous,EN,1,1,42,2,,5,,1,1,,Korean,English,French,German,Japanese,German,Japanese,French,English,Korean,1,5,5,7,37,42,20,11,11,11,7,8,10,1,3,4,2,7,10,0,5,5,60,100,50,7,28,7,28,2,0,20,7,10,10,10,4,0,10,10,7,9,9,1,1,10,10,8,8,P27,,German,Japanese,French,English,Korean
11/25/2025 0:57,11/25/2025 1:06,0,100,499,1,11/25/2025 1:06,R_4D8Z28JXqpbjDB7,,,,,37.5015,127.0013,anonymous,EN,1,1,36,1,,7,,1,1,Brazil back in year 2000,English, Korean,Portuguese,Spanish,French,English,Korean,Portuguese,Spanish,French,2,26,3,32,9 years,3 years,3 years,10,11,3,5,1,2,4,2,5,2,1,1,1,2,1,42,49,19,2,4,4,4,7 years,36 years,30 years,7 years,11,11,11,10,10,10,0,7,10,10,4,1,6,5,10,10,P29,,English,Korean,Portuguese,Spanish,French
11/17/2025 16:34,11/18/2025 10:47,0,72,65561,0,11/25/2025 10:47,R_6pumAstG2s1IgBb,,,,,39.2726,-76.8614,anonymous,EN,1,,71,1,,6,,2,2,,English,,,,,English,,,,,,,,,,,,,,,,,,,,,,,,,,,,,,,,,,,,,,,,,,,,,,,,,,,,,,,,English,,,,
11/22/2025 23:56,11/23/2025 0:00,0,13,264,0,11/30/2025 0:00,R_5NI15nVHCXJprkT,,,,,32.9164,-117.1393,anonymous,EN,,,,,,,,,,,,,,,,,,,,,,,,,,,,,,,,,,,,,,,,,,,,,,,,,,,,,,,,,,,,,,,,,,,,,,,,,,,,
11/23/2025 0:00,11/23/2025 0:00,0,16,12,0,11/30/2025 0:00,R_5Rk2GSkVUxKliZ1,,,,,32.9164,-117.1393,anonymous,EN,1,,,,,,,,,,,,,,,,,,,,,,,,,,,,,,,,,,,,,,,,,,,,,,,,,,,,,,,,,,,,,,,,,,,,,,,,,,,
11/23/2025 0:16,11/23/2025 0:18,0,19,86,0,11/30/2025 0:18,R_3EcAfnIUj9uYj8l,,,,,47.4973,-122.3555,anonymous,EN,1,1,,,,,,,,,,,,,,,,,,,,,,,,,,,,,,,,,,,,,,,,,,,,,,,,,,,,,,,,,,,,,,,,,,,,,,,,,,
11/23/2025 0:35,11/23/2025 0:37,0,74,105,0,11/30/2025 0:37,R_7PAokcjz44SZtvE,,,,,38.7632,-121.1638,anonymous,EN,1,1,29,1,,4,,2,2,,English,,,,,English,,,,,,,,,,,,,,,,,,,,,,,,,,,,,,,,,,,,,,,,,,,,,,,,,,,,,,,,English,,,,
11/23/2025 0:50,11/23/2025 1:01,0,39,652,0,11/30/2025 1:01,R_5gOdXDSpdblEvwR,,,,,39.7491,-104.9945,anonymous,EN,1,1,54,2,,7,,2,2,No,,,,,,,,,,,,,,,,,,,,,,,,,,,,,,,,,,,,,,,,,,,,,,,,,,,,,,,,,,,,,,,,,,
11/23/2025 2:51,11/23/2025 2:56,0,74,282,0,11/30/2025 2:56,R_1r0yIZqCJ3W7Xg7,,,,,37.751,-97.822,anonymous,EN,1,1,50,2,,5,,2,2,,English,,,,,English,,,,,,,,,,,,,,,,,,,,,,,,,,,,,,,,,,,,,,,,,,,,,,,,,,,,,,,,English,,,,
11/24/2025 17:59,11/24/2025 18:02,0,45,183,0,12/1/2025 18:02,R_65GYDE0OWQltXGh,,,,,43.6098,-79.6724,anonymous,EN,1,1,38,1,,7,,1,1,Canada,Korean,English,,,,Korean,English,,,,,,,,,,,,,,,,,,,,,,,,,,,,,,,,,,,,,,,,,,,,,,,,,,,,,,,Korean,English,,,
11/24/2025 19:13,11/24/2025 20:41,0,45,5241,0,12/1/2025 20:41,R_30vDFUugyxkul1H,,,,,51.0927,-114.2017,anonymous,EN,1,1,26,2,,6,,1,1,"Canada, 2011",Korean,English,Chinese,Japanese,French,korean,chinese,english,japanese,french,,,,,,,,,,,,,,,,,,,,,,,,,,,,,,,,,,,,,,,,,,,,,,,,,,,,korean,chinese,english,japanese,french
