trial_id,start_timestamp,submit_timestamp
6,1763888221805,1763888291918
6,1763888221805,1763888300933
6,1763888221805,1763888310725
6,1763888221805,1763888311517
6,1763888221805,1763888311781
6,1763888221805,1763888312037
6,1763888221805,1763888312781
6,1763888221805,1763888313068
5,1763888313363,1763888373293
3,1763888431021,1763888455997
3,1763888431021,1763888467517
3,1763888431021,1763888494965
3,1763888431021,1763888495709
3,1763888431021,1763888495933
3,1763888431021,1763888496132
1,1763888508629,1763888534973
1,1763888508629,1763888537925
1,1763888508629,1763888540349
1,1763888508629,1763888540605
4,1763888545222,1763888571309
4,1763888545222,1763888571968
4,1763888545222,1763888572181
2,1763888577108,1763888624150
2,1763888577108,1763888624405
